Q1 (25%),Median (50%),Q3 (75%),사분위범위 IQR,Lower Bound,Upper Bound,Filtered Median,Filtered Std Dev
0.0033515571849420667,0.0033958336571231484,0.0034401188604533672,8.856167551130056e-05,0.003218714671675116,0.003572961373720318,0.0033955832,6.335674e-05
0.0033515571849420667,0.0033958336571231484,0.0034401188604533672,8.856167551130056e-05,0.003218714671675116,0.003572961373720318,0.0033955832,6.335674e-05
0.0033515571849420667,0.0033958336571231484,0.0034401188604533672,8.856167551130056e-05,0.003218714671675116,0.003572961373720318,0.0033955832,6.335674e-05
0.0033515571849420667,0.0033958336571231484,0.0034401188604533672,8.856167551130056e-05,0.003218714671675116,0.003572961373720318,0.0033955832,6.335674e-05
