Q1 (25%),Median (50%),Q3 (75%),사분위범위 IQR,Lower Bound,Upper Bound,Filtered Median,Filtered Std Dev
0.012573361629620194,0.012743193190544844,0.012908123433589935,0.00033476180396974087,0.012071218923665583,0.013410266139544547,0.012740698,0.00024338902
0.012573361629620194,0.012743193190544844,0.012908123433589935,0.00033476180396974087,0.012071218923665583,0.013410266139544547,0.012740698,0.00024338902
0.012573361629620194,0.012743193190544844,0.012908123433589935,0.00033476180396974087,0.012071218923665583,0.013410266139544547,0.012740698,0.00024338902
0.012573361629620194,0.012743193190544844,0.012908123433589935,0.00033476180396974087,0.012071218923665583,0.013410266139544547,0.012740698,0.00024338902
