Q1 (25%),Median (50%),Q3 (75%),사분위범위 IQR,Lower Bound,Upper Bound,Filtered Median,Filtered Std Dev
0.010246606776490808,0.010374830570071936,0.010500174481421709,0.00025356770493090153,0.009866255219094455,0.010880526038818061,0.010374831,0.00018789858
0.010246606776490808,0.010374830570071936,0.010500174481421709,0.00025356770493090153,0.009866255219094455,0.010880526038818061,0.010374831,0.00018789858
0.010246606776490808,0.010374830570071936,0.010500174481421709,0.00025356770493090153,0.009866255219094455,0.010880526038818061,0.010374831,0.00018789858
0.010246606776490808,0.010374830570071936,0.010500174481421709,0.00025356770493090153,0.009866255219094455,0.010880526038818061,0.010374831,0.00018789858
