Q1 (25%),Median (50%),Q3 (75%),사분위범위 IQR,Lower Bound,Upper Bound,Filtered Median,Filtered Std Dev
0.002242796355858445,0.002271760953590274,0.0023021463421173394,5.9349986258894205e-05,0.002153771376470104,0.0023911713215056807,0.0022716585,4.227021e-05
0.002242796355858445,0.002271760953590274,0.0023021463421173394,5.9349986258894205e-05,0.002153771376470104,0.0023911713215056807,0.0022716585,4.227021e-05
0.002242796355858445,0.002271760953590274,0.0023021463421173394,5.9349986258894205e-05,0.002153771376470104,0.0023911713215056807,0.0022716585,4.227021e-05
0.002242796355858445,0.002271760953590274,0.0023021463421173394,5.9349986258894205e-05,0.002153771376470104,0.0023911713215056807,0.0022716585,4.227021e-05
