Q1 (25%),Median (50%),Q3 (75%),사분위범위 IQR,Lower Bound,Upper Bound,Filtered Median,Filtered Std Dev
0.008147388231009245,0.008252794854342937,0.008363805012777448,0.00021641678176820278,0.00782276305835694,0.008688430185429752,0.008252117,0.00015450329
0.008147388231009245,0.008252794854342937,0.008363805012777448,0.00021641678176820278,0.00782276305835694,0.008688430185429752,0.008252117,0.00015450329
0.008147388231009245,0.008252794854342937,0.008363805012777448,0.00021641678176820278,0.00782276305835694,0.008688430185429752,0.008252117,0.00015450329
0.008147388231009245,0.008252794854342937,0.008363805012777448,0.00021641678176820278,0.00782276305835694,0.008688430185429752,0.008252117,0.00015450329
