Q1 (25%),Median (50%),Q3 (75%),사분위범위 IQR,Lower Bound,Upper Bound,Filtered Median,Filtered Std Dev
0.0007633540517417714,0.0007749736250843853,0.0007868274406064302,2.3473388864658773e-05,0.0007281439684447832,0.0008220375239034183,0.00077478524,1.7003611e-05
0.0007633540517417714,0.0007749736250843853,0.0007868274406064302,2.3473388864658773e-05,0.0007281439684447832,0.0008220375239034183,0.00077478524,1.7003611e-05
0.0007633540517417714,0.0007749736250843853,0.0007868274406064302,2.3473388864658773e-05,0.0007281439684447832,0.0008220375239034183,0.00077478524,1.7003611e-05
0.0007633540517417714,0.0007749736250843853,0.0007868274406064302,2.3473388864658773e-05,0.0007281439684447832,0.0008220375239034183,0.00077478524,1.7003611e-05
