Q1 (25%),Median (50%),Q3 (75%),사분위범위 IQR,Lower Bound,Upper Bound,Filtered Median,Filtered Std Dev
0.004701856872998178,0.004761029966175556,0.004824100877158344,0.0001222440041601658,0.004518490866757929,0.0050074668833985925,0.004760832,9.002685e-05
0.004701856872998178,0.004761029966175556,0.004824100877158344,0.0001222440041601658,0.004518490866757929,0.0050074668833985925,0.004760832,9.002685e-05
0.004701856872998178,0.004761029966175556,0.004824100877158344,0.0001222440041601658,0.004518490866757929,0.0050074668833985925,0.004760832,9.002685e-05
0.004701856872998178,0.004761029966175556,0.004824100877158344,0.0001222440041601658,0.004518490866757929,0.0050074668833985925,0.004760832,9.002685e-05
