Q1 (25%),Median (50%),Q3 (75%),사분위범위 IQR,Lower Bound,Upper Bound,Filtered Median,Filtered Std Dev
0.0013810649106744677,0.001400468172505498,0.0014189039648044854,3.783905413001776e-05,0.001324306329479441,0.001475662545999512,0.001400421,2.7366226e-05
0.0013810649106744677,0.001400468172505498,0.0014189039648044854,3.783905413001776e-05,0.001324306329479441,0.001475662545999512,0.001400421,2.7366226e-05
0.0013810649106744677,0.001400468172505498,0.0014189039648044854,3.783905413001776e-05,0.001324306329479441,0.001475662545999512,0.001400421,2.7366226e-05
0.0013810649106744677,0.001400468172505498,0.0014189039648044854,3.783905413001776e-05,0.001324306329479441,0.001475662545999512,0.001400421,2.7366226e-05
