Q1 (25%),Median (50%),Q3 (75%),사분위범위 IQR,Lower Bound,Upper Bound,Filtered Median,Filtered Std Dev
0.006302104331552982,0.006385065382346511,0.00646727136336267,0.00016516703180968761,0.006054353783838451,0.006715021911077201,0.0063852244,0.00011977715
0.006302104331552982,0.006385065382346511,0.00646727136336267,0.00016516703180968761,0.006054353783838451,0.006715021911077201,0.0063852244,0.00011977715
0.006302104331552982,0.006385065382346511,0.00646727136336267,0.00016516703180968761,0.006054353783838451,0.006715021911077201,0.0063852244,0.00011977715
0.006302104331552982,0.006385065382346511,0.00646727136336267,0.00016516703180968761,0.006054353783838451,0.006715021911077201,0.0063852244,0.00011977715
