Q1 (25%),Median (50%),Q3 (75%),사분위범위 IQR,Lower Bound,Upper Bound,Filtered Median,Filtered Std Dev
0.0003915323832188733,0.0004002985078841448,0.00041047646664083004,1.8944083421956748e-05,0.00036311625808593817,0.00043889259177376516,0.0004002057,1.3291908e-05
0.0003915323832188733,0.0004002985078841448,0.00041047646664083004,1.8944083421956748e-05,0.00036311625808593817,0.00043889259177376516,0.0004002057,1.3291908e-05
0.0003915323832188733,0.0004002985078841448,0.00041047646664083004,1.8944083421956748e-05,0.00036311625808593817,0.00043889259177376516,0.0004002057,1.3291908e-05
0.0003915323832188733,0.0004002985078841448,0.00041047646664083004,1.8944083421956748e-05,0.00036311625808593817,0.00043889259177376516,0.0004002057,1.3291908e-05
