Q1 (25%),Median (50%),Q3 (75%),사분위범위 IQR,Lower Bound,Upper Bound,Filtered Median,Filtered Std Dev
0.0002685269937501289,0.00027613266138359904,0.00028614843176910654,1.7621438018977642e-05,0.00024209483672166243,0.000312580588797573,0.00027602183,1.245942e-05
0.0002685269937501289,0.00027613266138359904,0.00028614843176910654,1.7621438018977642e-05,0.00024209483672166243,0.000312580588797573,0.00027602183,1.245942e-05
0.0002685269937501289,0.00027613266138359904,0.00028614843176910654,1.7621438018977642e-05,0.00024209483672166243,0.000312580588797573,0.00027602183,1.245942e-05
0.0002685269937501289,0.00027613266138359904,0.00028614843176910654,1.7621438018977642e-05,0.00024209483672166243,0.000312580588797573,0.00027602183,1.245942e-05
